"filter_id","filter","family","raw_n_panel_b","spec","coef_conv","se_conv","pv_conv","coef_bc","se_robust","pv_robust","h_left","h_right","obs_h","error"
"drop_number_reviews_ltm0","drop number_of_reviews_ltm=0","zero_recent_demand",1026,"msetwo_fe",-0.00673757771721643,0.0581302255044013,0.907727915736154,-0.0181452085049062,0.0661489069306009,0.783847540493138,0.15254903424868,0.075054446291406,391,NA
"drop_number_reviews_ltm0","drop number_of_reviews_ltm=0","zero_recent_demand",1026,"twomse_fe",0.00877793884926218,0.035238333727406,0.80328189470544,-0.0125632754158289,0.0460958114780859,0.785201452973052,0.305098068497361,0.150108892582812,560,NA
"drop_number_reviews_ltm0","drop number_of_reviews_ltm=0","zero_recent_demand",1026,"h020_010_fe",-0.0100725794456865,0.0492368068537833,0.837904829199817,-0.0156274673899479,0.0623697674386232,0.80215309001731,0.2,0.1,444,NA
"drop_number_reviews_ltm0","drop number_of_reviews_ltm=0","zero_recent_demand",1026,"h030_015_fe",0.0088152457925384,0.0354531138151627,0.803635258771352,-0.0124889882989659,0.0462931977860734,0.787329353972887,0.3,0.15,555,NA
"drop_number_reviews_ltm0","drop number_of_reviews_ltm=0","zero_recent_demand",1026,"h040_020_fe",0.00411023678853875,0.0305892385446077,0.893111016165794,0.00943271739683535,0.0404817714064584,0.815752492730604,0.4,0.2,598,NA
"drop_number_reviews_ltm0","drop number_of_reviews_ltm=0","zero_recent_demand",1026,"msetwo_no_fe",-0.078535481101568,0.0529000293900709,0.137649327106533,-0.101418936435771,0.0608440962074366,0.095541114475578,0.180257985594142,0.0749101598921941,413,NA
