"filter_id","filter","family","cutoff","raw_n_panel_b","spec","coef_conv","se_conv","pv_conv","coef_bc","se_robust","pv_robust","h_left","h_right","obs_h","error"
"verified_lr90_noav365ext","host_identity_verified=t & last_review within 90 days & drop availability_365 in {0,365}","verified_recent_review_no_av365_extreme",90,484,"msetwo_fe",-0.0556302402171302,0.0710717094984787,0.433783358761782,-0.0353976446387385,0.0828501501788488,0.669197967720305,0.179969505732529,0.0605628753643854,222,NA
"verified_lr90_noav365ext","host_identity_verified=t & last_review within 90 days & drop availability_365 in {0,365}","verified_recent_review_no_av365_extreme",90,484,"twomse_fe",-0.0325854515206908,0.0478253178604224,0.495654401772523,-0.0478439219288469,0.0600993253633308,0.42598504490849,0.359939011465058,0.121125750728771,293,NA
"verified_lr90_noav365ext","host_identity_verified=t & last_review within 90 days & drop availability_365 in {0,365}","verified_recent_review_no_av365_extreme",90,484,"h020_010_fe",-0.0499326365217557,0.06428164044725,0.437289093818213,-0.0588973283076165,0.0804553649636873,0.464138214206801,0.2,0.1,246,NA
"verified_lr90_noav365ext","host_identity_verified=t & last_review within 90 days & drop availability_365 in {0,365}","verified_recent_review_no_av365_extreme",90,484,"h030_015_fe",-0.0110810181042146,0.0449863997746333,0.805435077725683,-0.042679762551263,0.0564594562591294,0.449687281472577,0.3,0.15,299,NA
"verified_lr90_noav365ext","host_identity_verified=t & last_review within 90 days & drop availability_365 in {0,365}","verified_recent_review_no_av365_extreme",90,484,"h040_020_fe",-0.0217782666367965,0.0396936129205869,0.583239338149082,-0.00562318437396182,0.0497217224854577,0.909956735083173,0.4,0.2,312,NA
"verified_lr90_noav365ext","host_identity_verified=t & last_review within 90 days & drop availability_365 in {0,365}","verified_recent_review_no_av365_extreme",90,484,"msetwo_no_fe",-0.078060393658348,0.0595980250658165,0.190269746323956,-0.0952798698625814,0.0678659148279319,0.160335850922865,0.170625494609627,0.0702846071521165,226,NA
