"quarter","spec","raw_n_panel_b","coef_conv","se_conv","pv_conv","coef_bc","se_robust","pv_robust","h_left","h_right","obs_h","error"
"Q323","msetwo",4224,0.0165665404652061,0.0363507423286621,0.648575902782657,0.0224042857976401,0.0397206050332043,0.572722185817857,0.281179211592996,0.0744239288123217,1515,""
"Q423","msetwo",3745,-0.0250530998605657,0.0427467476745058,0.557820404045672,-0.0381310995007006,0.0468029433725851,0.415234982118548,0.267520753611902,0.0859917682209014,1325,""
"Q124","msetwo",3184,0.271515183081496,0.0597023645963596,5.42062959855864e-06,0.31836050732951,0.0673177529215976,2.25383330309522e-06,0.375187334726899,0.116230809659881,1600,""
"Q224","msetwo",2634,-0.648587850504275,0.862442082504662,0.452029161119193,-0.334276658775929,0.941766406303227,0.722629696254834,0.144525545069977,0.0884519008659293,838,""
"Q324","msetwo",2511,0.0272491015081391,0.0288959255231869,0.345676588426177,0.0150586986368446,0.0320972595074983,0.638956424288462,0.508111035598115,0.0734058901254845,1409,""
"Q424","msetwo",2185,0.00392891322243212,0.0598985319500839,0.947702010958092,0.00873484441176979,0.0667707205436633,0.89591890083817,0.23918254724313,0.0798756765417369,938,""
